,title,score,id,permalink,subreddit,url,num_comments,body,created
0,Star Citizen: Question and Answer Thread,41,jv5lnk,https://www.reddit.com/r/starcitizen/comments/jv5lnk/star_citizen_question_and_answer_thread/,starcitizen,https://www.reddit.com/r/starcitizen/comments/jv5lnk/star_citizen_question_and_answer_thread/,637,"Welcome to the Star Citizen question and answer thread. Feel free to ask any questions you have related to SC here!

---

Useful Links and Resources:

[Star Citizen Wiki](https://starcitizen.tools) - *The biggest and best wiki resource dedicated to Star Citizen*

[Star Citizen FAQ](https://starcitizen.tools/Frequently_Asked_Questions) - *Chances the answer you need is here.* 

[Discord Help Channel](https://discord.gg/0STCP5tSe7x9NBSq) - *Often times community members will be here to help you with issues.*

[Referral Code Randomizer](http://gorefer.me/starcitizen) - *Use this when creating a new account to get 5000 extra UEC.*

[Download Star Citizen](https://robertsspaceindustries.com/download) - *Get the latest version of Star Citizen here*

[Current Game Features](https://robertsspaceindustries.com/feature-list) - *Click here to see what you can currently do in Star Citizen.*

[Development Roadmap](https://robertsspaceindustries.com/roadmap/board/1-Star-Citizen) - *The current development status of up and coming Star Citizen features.*

[Pledge FAQ](https://support.robertsspaceindustries.com/hc/en-us/articles/115013194987-Pledges-FAQs) - *Official FAQ regarding spending money on the game.*",2020-11-16 13:00:05
1,"Common terms list before IAE influx. Not a full list, just the most common terms.",1157,juzun5,https://www.reddit.com/r/starcitizen/comments/juzun5/common_terms_list_before_iae_influx_not_a_full/,starcitizen,https://i.redd.it/3wrwfo7iwiz51.png,112,,2020-11-16 04:41:51
2,"Looks like the future is Origin, boys!",1996,jxoxke,https://www.reddit.com/r/starcitizen/comments/jxoxke/looks_like_the_future_is_origin_boys/,starcitizen,https://i.redd.it/bu99zu52ce061.jpg,119,,2020-11-20 14:23:24
3,"Forgive me Chris, for i have sinned",510,jxwaal,https://www.reddit.com/r/starcitizen/comments/jxwaal/forgive_me_chris_for_i_have_sinned/,starcitizen,https://i.redd.it/84ad1xreag061.png,73,,2020-11-20 21:00:42
4,Perseus Spoiler vis SCLEAKS,202,jxv4f0,https://www.reddit.com/r/starcitizen/comments/jxv4f0/perseus_spoiler_vis_scleaks/,starcitizen,https://i.redd.it/q0mquscnzf061.png,109,,2020-11-20 19:57:55
5,Yin and Yang,341,jxqzbu,https://www.reddit.com/r/starcitizen/comments/jxqzbu/yin_and_yang/,starcitizen,https://i.redd.it/16jlv0cpxe061.jpg,34,,2020-11-20 16:25:11
6,Star Citizen: IAE 2950 â€“ The All New Nomad,304,jxrpsz,https://www.reddit.com/r/starcitizen/comments/jxrpsz/star_citizen_iae_2950_the_all_new_nomad/,starcitizen,https://www.youtube.com/watch?v=JbaNf0YvpLs&ab_channel=StarCitizen,161,,2020-11-20 17:03:57
7,How I love that reference in Whitley's Guide!,105,jxxior,https://www.reddit.com/r/starcitizen/comments/jxxior/how_i_love_that_reference_in_whitleys_guide/,starcitizen,https://i.redd.it/9ezppkyfmg061.png,5,,2020-11-20 22:06:30
8,The Nomad is now available to all backers through the ship terminals,129,jxvrsu,https://www.reddit.com/r/starcitizen/comments/jxvrsu/the_nomad_is_now_available_to_all_backers_through/,starcitizen,https://i.redd.it/tx487euv5g061.jpg,20,,2020-11-20 20:32:51
9,Well played CIG,221,jxrynl,https://www.reddit.com/r/starcitizen/comments/jxrynl/well_played_cig/,starcitizen,https://i.redd.it/u8g2qnov6f061.png,24,,2020-11-20 17:16:46
